filename,Cutest,Pretty-cute,Soso,Ugly,Score
images\0.jpg,0.6254,0.1828,0.0649,0.1269,79.201
images\1.jpg,0.5322,0.2384,0.0977,0.1316,75.131996
images\2.jpg,0.469,0.356,0.1179,0.0571,77.107
images\3.jpg,0.4634,0.2986,0.1776,0.0604,74.94999
images\4.jpg,0.4824,0.279,0.1813,0.0573,75.595
images\5.jpg,0.1927,0.2075,0.2552,0.3446,47.448997
